Data;Ora;ARIMA;UCM;ML
01/09/20;1;2522914.0;2173922.0;2684810.0
01/09/20;2;2289181.0;1840311.0;2400330.0
01/09/20;3;2190110.0;1678104.0;2274955.0
01/09/20;4;2153630.0;1646925.0;2258761.0
01/09/20;5;2156501.0;1695907.0;2305763.0
01/09/20;6;2242591.0;1804840.0;2416821.0
01/09/20;7;2483353.0;2024118.0;2668138.0
01/09/20;8;2911237.0;2421675.0;3026806.0
01/09/20;9;3600748.0;3174323.0;3338123.0
01/09/20;10;3853773.0;3388353.0;3545802.0
01/09/20;11;3910365.0;3478102.0;3801340.0
01/09/20;12;3961426.0;3575590.0;3925469.0
01/09/20;13;3817654.0;3515701.0;4046413.0
01/09/20;14;3716083.0;3418424.0;4081040.0
01/09/20;15;3800099.0;3462059.0;4149015.0
01/09/20;16;3848999.0;3487851.0;4379013.0
01/09/20;17;3971500.0;3618701.0;4477018.0
01/09/20;18;4116256.0;3840603.0;4735287.0
01/09/20;19;4376380.0;4354499.0;4848031.0
01/09/20;20;4474857.0;4601744.0;5009222.0
01/09/20;21;4595551.0;4639842.0;4851777.0
01/09/20;22;4180772.0;4228735.0;4522402.0
01/09/20;23;3676798.0;3577748.0;4048205.0
01/09/20;24;3163550.0;2971936.0;3541367.0
02/09/20;1;2726038.0;2373658.0;3177795.0
02/09/20;2;2460067.0;2003833.0;2889241.0
02/09/20;3;2332320.0;1799977.0;2692622.0
02/09/20;4;2276631.0;1722414.0;2530808.0
02/09/20;5;2268033.0;1721185.0;2517205.0
02/09/20;6;2346112.0;1777174.0;2673600.0
02/09/20;7;2568523.0;1942028.0;2898306.0
02/09/20;8;2978326.0;2285049.0;3212438.0
02/09/20;9;3624846.0;2984489.0;3433253.0
02/09/20;10;3875058.0;3148098.0;3635157.0
02/09/20;11;3936599.0;3191638.0;3863777.0
02/09/20;12;3993626.0;3248465.0;4004809.0
02/09/20;13;3866178.0;3154656.0;3988906.0
02/09/20;14;3758173.0;3031197.0;4104274.0
02/09/20;15;3835468.0;3057151.0;4141046.0
02/09/20;16;3885661.0;3074254.0;4217897.0
02/09/20;17;4015881.0;3205602.0;4395340.0
02/09/20;18;4177545.0;3437074.0;4651484.0
02/09/20;19;4447887.0;3969191.0;4858652.0
02/09/20;20;4566537.0;4242591.0;4920461.0
02/09/20;21;4684800.0;4313791.0;4888451.0
02/09/20;22;4272001.0;3941516.0;4640559.0
02/09/20;23;3769663.0;3333689.0;4224235.0
02/09/20;24;3250667.0;2773839.0;3748860.0
03/09/20;1;2799614.0;2222736.0;3360130.0
03/09/20;2;2518956.0;1899712.0;3047476.0
03/09/20;3;2378118.0;1740770.0;2890557.0
03/09/20;4;2313037.0;1704852.0;2804245.0
03/09/20;5;2298361.0;1740815.0;2749017.0
03/09/20;6;2372442.0;1828603.0;2867995.0
03/09/20;7;2588576.0;2019208.0;3006153.0
03/09/20;8;2993333.0;2381588.0;3204891.0
03/09/20;9;3627870.0;3093974.0;3373130.0
03/09/20;10;3880237.0;3264421.0;3562082.0
03/09/20;11;3947414.0;3309298.0;3748686.0
03/09/20;12;4011181.0;3362841.0;3901370.0
03/09/20;13;3894366.0;3262230.0;3988379.0
03/09/20;14;3789846.0;3129730.0;4042379.0
03/09/20;15;3870467.0;3145782.0;4140228.0
03/09/20;16;3926206.0;3153533.0;4282364.0
03/09/20;17;4063372.0;3277448.0;4385695.0
03/09/20;18;4234008.0;3504660.0;4582588.0
03/09/20;19;4509968.0;4036753.0;4788098.0
03/09/20;20;4636134.0;4315187.0;4913067.0
03/09/20;21;4753160.0;4396997.0;4852298.0
03/09/20;22;4339158.0;4041089.0;4565453.0
03/09/20;23;3834209.0;3455213.0;4152469.0
03/09/20;24;3309099.0;2922354.0;3748537.0
04/09/20;1;2848569.0;2402388.0;3341554.0
04/09/20;2;2557567.0;2113427.0;3052333.0
04/09/20;3;2406795.0;1989973.0;2819607.0
04/09/20;4;2333285.0;1989250.0;2663227.0
04/09/20;5;2311971.0;2058244.0;2679494.0
04/09/20;6;2381185.0;2174964.0;2810742.0
04/09/20;7;2593135.0;2388483.0;2898658.0
04/09/20;8;2995777.0;2765946.0;3197245.0
04/09/20;9;3627755.0;3483968.0;3333986.0
04/09/20;10;3883977.0;3649254.0;3528532.0
04/09/20;11;3957847.0;3677174.0;3619484.0
04/09/20;12;4030109.0;3701361.0;3825246.0
04/09/20;13;3924098.0;3558842.0;3912242.0
04/09/20;14;3828577.0;3372190.0;3960411.0
04/09/20;15;3918019.0;3322633.0;3990428.0
04/09/20;16;3982445.0;3254560.0;4075712.0
04/09/20;17;4127118.0;3294108.0;4221516.0
04/09/20;18;4303479.0;3430450.0;4449885.0
04/09/20;19;4580862.0;3867519.0;4629210.0
04/09/20;20;4705135.0;4049343.0;4770278.0
04/09/20;21;4812890.0;4035661.0;4764928.0
04/09/20;22;4384624.0;3588110.0;4456595.0
04/09/20;23;3859668.0;2917106.0;4047539.0
04/09/20;24;3308049.0;2308128.0;3595987.0
05/09/20;1;2814697.0;1723287.0;3243578.0
05/09/20;2;2485753.0;1382580.0;3012315.0
05/09/20;3;2292951.0;1221982.0;2755590.0
05/09/20;4;2174511.0;1199711.0;2685056.0
05/09/20;5;2106496.0;1263244.0;2687326.0
05/09/20;6;2128432.0;1390551.0;2865687.0
05/09/20;7;2293493.0;1630144.0;3087911.0
05/09/20;8;2651475.0;2048109.0;3258751.0
05/09/20;9;3241612.0;2819544.0;3449039.0
05/09/20;10;3462405.0;3049243.0;3603759.0
05/09/20;11;3507350.0;3150337.0;3709696.0
05/09/20;12;3557955.0;3253989.0;3850698.0
05/09/20;13;3438600.0;3194609.0;3879496.0
05/09/20;14;3337337.0;3092110.0;3917811.0
05/09/20;15;3429499.0;3125112.0;4051375.0
05/09/20;16;3505135.0;3135544.0;4057322.0
05/09/20;17;3668852.0;3247311.0;4185449.0
05/09/20;18;3871264.0;3447666.0;4294013.0
05/09/20;19;4179945.0;3938992.0;4478877.0
05/09/20;20;4339874.0;4164178.0;4568270.0
05/09/20;21;4484886.0;4182271.0;4489491.0
05/09/20;22;4094649.0;3754670.0;4216323.0
05/09/20;23;3606540.0;3091994.0;3769150.0
05/09/20;24;3088601.0;2480352.0;3296563.0
06/09/20;1;2624128.0;1882860.0;2987871.0
06/09/20;2;2318076.0;1520849.0;2682992.0
06/09/20;3;2141125.0;1331888.0;2524853.0
06/09/20;4;2030758.0;1275978.0;2441563.0
06/09/20;5;1962588.0;1302490.0;2469754.0
06/09/20;6;1976070.0;1391320.0;2637069.0
06/09/20;7;2124616.0;1592862.0;2770893.0
06/09/20;8;2458946.0;1974970.0;2964757.0
06/09/20;9;3019202.0;2714332.0;3122194.0
06/09/20;10;3206137.0;2917099.0;3304385.0
06/09/20;11;3214705.0;2997488.0;3392381.0
06/09/20;12;3228361.0;3087446.0;3493473.0
06/09/20;13;3073745.0;3021852.0;3469050.0
06/09/20;14;2940734.0;2920776.0;3534589.0
06/09/20;15;3007047.0;2962684.0;3564589.0
06/09/20;16;3064817.0;2989077.0;3625341.0
06/09/20;17;3220386.0;3123183.0;3709359.0
06/09/20;18;3425837.0;3351375.0;3864799.0
06/09/20;19;3749624.0;3874998.0;4040620.0
06/09/20;20;3937532.0;4135800.0;4091060.0
06/09/20;21;4123183.0;4191627.0;3967164.0
06/09/20;22;3786211.0;3802680.0;3649257.0
06/09/20;23;3363123.0;3178419.0;3207669.0
06/09/20;24;2920604.0;2603882.0;2858423.0
07/09/20;1;2540258.0;2041229.0;2584550.0
07/09/20;2;2325063.0;1710986.0;2391517.0
07/09/20;3;2243401.0;1550078.0;2201055.0
07/09/20;4;2230253.0;1518041.0;2193450.0
07/09/20;5;2258601.0;1563953.0;2212505.0
07/09/20;6;2365251.0;1667587.0;2410060.0
07/09/20;7;2601031.0;1879378.0;2689743.0
07/09/20;8;3014344.0;2267356.0;2958187.0
07/09/20;9;3643163.0;3008501.0;3164079.0
07/09/20;10;3886740.0;3209356.0;3363235.0
07/09/20;11;3938579.0;3284592.0;3481794.0
07/09/20;12;3981232.0;3366659.0;3530619.0
07/09/20;13;3840962.0;3290957.0;3585160.0
07/09/20;14;3707594.0;3178077.0;3627045.0
07/09/20;15;3759463.0;3206992.0;3639937.0
07/09/20;16;3789702.0;3219677.0;3738949.0
07/09/20;17;3906004.0;3339800.0;3898268.0
07/09/20;18;4062144.0;3554128.0;4080614.0
07/09/20;19;4328454.0;4064357.0;4180660.0
07/09/20;20;4452890.0;4312542.0;4238311.0
07/09/20;21;4571152.0;4356798.0;3993517.0
07/09/20;22;4165174.0;3957560.0;3683935.0
07/09/20;23;3673566.0;3324492.0;3261695.0
07/09/20;24;3164956.0;2742809.0;2787307.0
08/09/20;1;2722690.0;2174832.0;2699334.0
08/09/20;2;2451238.0;1841220.0;2454290.0
08/09/20;3;2320147.0;1679014.0;2359014.0
08/09/20;4;2265213.0;1647835.0;2410675.0
08/09/20;5;2259872.0;1696817.0;2500702.0
08/09/20;6;2341037.0;1805749.0;2667689.0
08/09/20;7;2559300.0;2025027.0;2977974.0
08/09/20;8;2962563.0;2422584.0;3339401.0
08/09/20;9;3588002.0;3175233.0;3645674.0
08/09/20;10;3833981.0;3389263.0;3828491.0
08/09/20;11;3892861.0;3479011.0;4037997.0
08/09/20;12;3945996.0;3576499.0;4164794.0
08/09/20;13;3818452.0;3516610.0;4297622.0
08/09/20;14;3698844.0;3419333.0;4353749.0
08/09/20;15;3764453.0;3462968.0;4454369.0
08/09/20;16;3807471.0;3488760.0;4706942.0
08/09/20;17;3934811.0;3619611.0;4780854.0
08/09/20;18;4099663.0;3841512.0;4993128.0
08/09/20;19;4371959.0;4355408.0;5025820.0
08/09/20;20;4499499.0;4602653.0;5071783.0
08/09/20;21;4617969.0;4640752.0;4804280.0
08/09/20;22;4209537.0;4229644.0;4424914.0
08/09/20;23;3713162.0;3578657.0;3932519.0
08/09/20;24;3197937.0;2972845.0;3441842.0
09/09/20;1;2747761.0;2374567.0;3113200.0
09/09/20;2;2467710.0;2004742.0;2878463.0
09/09/20;3;2327930.0;1800886.0;2709521.0
09/09/20;4;2264783.0;1723323.0;2592275.0
09/09/20;5;2252200.0;1722094.0;2637699.0
09/09/20;6;2327491.0;1778083.0;2867380.0
09/09/20;7;2541529.0;1942937.0;3149824.0
09/09/20;8;2942380.0;2285958.0;3496297.0
09/09/20;9;3567240.0;2985398.0;3699266.0
09/09/20;10;3814403.0;3149007.0;3855160.0
09/09/20;11;3876009.0;3192547.0;4037199.0
09/09/20;12;3933106.0;3249374.0;4161206.0
09/09/20;13;3810391.0;3155565.0;4139026.0
09/09/20;14;3696050.0;3032106.0;4271253.0
09/09/20;15;3766942.0;3058060.0;4330252.0
09/09/20;16;3814847.0;3075163.0;4428665.0
09/09/20;17;3946303.0;3206511.0;4576278.0
09/09/20;18;4114196.0;3437983.0;4782067.0
09/09/20;19;4388229.0;3970100.0;4915354.0
09/09/20;20;4516086.0;4243500.0;4889330.0
09/09/20;21;4633424.0;4314701.0;4766901.0
09/09/20;22;4222508.0;3942425.0;4440042.0
09/09/20;23;3722483.0;3334599.0;4001321.0
09/09/20;24;3202710.0;2774749.0;3553343.0
10/09/20;1;2747429.0;2223646.0;3201914.0
10/09/20;2;2462099.0;1900622.0;2916050.0
10/09/20;3;2317268.0;1741679.0;2796076.0
10/09/20;4;2249693.0;1705761.0;2753698.0
10/09/20;5;2233664.0;1741724.0;2754759.0
10/09/20;6;2306790.0;1829512.0;2937420.0
10/09/20;7;2520166.0;2020117.0;3092763.0
10/09/20;8;2921985.0;2382497.0;3311425.0
10/09/20;9;3549466.0;3094884.0;3446338.0
10/09/20;10;3800826.0;3265331.0;3579914.0
10/09/20;11;3868016.0;3310208.0;3733158.0
10/09/20;12;3931801.0;3363750.0;3859992.0
10/09/20;13;3816524.0;3263139.0;3956069.0
10/09/20;14;3709952.0;3130639.0;4041586.0
10/09/20;15;3788504.0;3146691.0;4170456.0
10/09/20;16;3843514.0;3154442.0;4339188.0
10/09/20;17;3981099.0;3278358.0;4430394.0
10/09/20;18;4153777.0;3505569.0;4587124.0
10/09/20;19;4430959.0;4037663.0;4702962.0
10/09/20;20;4560139.0;4316096.0;4747373.0
10/09/20;21;4676893.0;4397906.0;4614851.0
10/09/20;22;4263531.0;4041998.0;4278569.0
10/09/20;23;3759364.0;3456122.0;3844820.0
10/09/20;24;3234036.0;2923264.0;3471070.0
11/09/20;1;2772167.0;2403298.0;3109906.0
11/09/20;2;2479683.0;2114336.0;2845636.0
11/09/20;3;2327652.0;1990882.0;2638314.0
11/09/20;4;2253370.0;1990159.0;2541403.0
11/09/20;5;2231655.0;2059154.0;2623948.0
11/09/20;6;2300599.0;2175873.0;2804283.0
11/09/20;7;2511695.0;2389392.0;2930519.0
11/09/20;8;2913424.0;2766855.0;3224862.0
11/09/20;9;3543152.0;3484877.0;3332651.0
11/09/20;10;3799091.0;3650164.0;3471398.0
11/09/20;11;3873007.0;3678083.0;3515094.0
11/09/20;12;3945320.0;3702271.0;3731428.0
11/09/20;13;3839852.0;3559751.0;3818155.0
11/09/20;14;3743710.0;3373099.0;3901289.0
11/09/20;15;3832524.0;3323542.0;3959861.0
11/09/20;16;3896760.0;3255470.0;4058987.0
11/09/20;17;4041614.0;3295018.0;4212264.0
11/09/20;18;4218685.0;3431359.0;4414308.0
11/09/20;19;4496510.0;3868429.0;4527450.0
11/09/20;20;4621809.0;4050253.0;4584734.0
11/09/20;21;4729522.0;4036570.0;4498265.0
11/09/20;22;4301512.0;3589020.0;4146747.0
11/09/20;23;3776858.0;2918015.0;3720652.0
11/09/20;24;3225214.0;2309037.0;3302599.0
12/09/20;1;2731475.0;1724196.0;3018425.0
12/09/20;2;2402099.0;1383490.0;2842148.0
12/09/20;3;2208935.0;1222891.0;2633626.0
12/09/20;4;2090293.0;1200620.0;2607508.0
12/09/20;5;2022197.0;1264154.0;2659969.0
12/09/20;6;2044094.0;1391460.0;2883905.0
12/09/20;7;2208926.0;1631053.0;3155031.0
12/09/20;8;2566660.0;2049018.0;3309289.0
12/09/20;9;3156116.0;2820454.0;3490251.0
12/09/20;10;3376865.0;3050152.0;3603106.0
12/09/20;11;3421875.0;3151246.0;3664096.0
12/09/20;12;3472546.0;3254898.0;3779375.0
12/09/20;13;3353417.0;3195518.0;3830519.0
12/09/20;14;3252002.0;3093019.0;3906845.0
12/09/20;15;3344010.0;3126022.0;4051045.0
12/09/20;16;3419634.0;3136453.0;4075403.0
12/09/20;17;3583460.0;3248221.0;4201538.0
12/09/20;18;3786153.0;3448576.0;4282709.0
12/09/20;19;4095027.0;3939901.0;4402056.0
12/09/20;20;4255340.0;4165088.0;4410932.0
12/09/20;21;4400389.0;4183180.0;4269434.0
12/09/20;22;4010286.0;3755579.0;3937611.0
12/09/20;23;3522326.0;3092903.0;3493292.0
12/09/20;24;3004429.0;2481261.0;3061338.0
13/09/20;1;2539882.0;1883769.0;2820008.0
13/09/20;2;2233740.0;1521759.0;2561613.0
13/09/20;3;2056723.0;1332797.0;2469030.0
13/09/20;4;1946342.0;1276888.0;2445665.0
13/09/20;5;1878197.0;1303400.0;2520228.0
13/09/20;6;1891717.0;1392229.0;2738147.0
13/09/20;7;2040241.0;1593771.0;2906325.0
13/09/20;8;2374542.0;1975880.0;3102237.0
13/09/20;9;2934628.0;2715242.0;3232539.0
13/09/20;10;3121602.0;2918008.0;3352463.0
13/09/20;11;3130242.0;2998397.0;3379868.0
13/09/20;12;3143972.0;3088355.0;3481837.0
13/09/20;13;2989482.0;3022762.0;3455350.0
13/09/20;14;2856474.0;2921685.0;3529295.0
13/09/20;15;2922789.0;2963593.0;3588141.0
13/09/20;16;2980607.0;2989986.0;3675726.0
13/09/20;17;3136264.0;3124093.0;3742327.0
13/09/20;18;3341859.0;3352285.0;3874370.0
13/09/20;19;3665762.0;3875908.0;3982164.0
13/09/20;20;3853847.0;4136709.0;3962906.0
13/09/20;21;4039564.0;4192536.0;3763931.0
13/09/20;22;3702688.0;3803589.0;3415978.0
13/09/20;23;3279702.0;3179329.0;2982740.0
13/09/20;24;2837251.0;2604791.0;2679555.0
14/09/20;1;2456934.0;2042138.0;2476589.0
14/09/20;2;2241763.0;1711896.0;2342733.0
14/09/20;3;2160134.0;1550988.0;2207101.0
14/09/20;4;2147035.0;1518951.0;2274795.0
14/09/20;5;2175444.0;1564862.0;2352393.0
14/09/20;6;2282162.0;1668497.0;2608776.0
14/09/20;7;2517988.0;1880288.0;2925897.0
14/09/20;8;2931347.0;2268265.0;3194272.0
14/09/20;9;3560165.0;3009411.0;3363132.0
14/09/20;10;3803809.0;3210265.0;3510898.0
14/09/20;11;3855727.0;3285501.0;3585127.0
14/09/20;12;3898459.0;3367568.0;3613695.0
14/09/20;13;3758284.0;3291867.0;3688963.0
14/09/20;14;3624972.0;3178986.0;3741096.0
14/09/20;15;3676897.0;3207901.0;3781803.0
14/09/20;16;3707207.0;3220586.0;3914896.0
14/09/20;17;3823593.0;3340709.0;4044137.0
14/09/20;18;3979835.0;3555038.0;4197718.0
14/09/20;19;4246239.0;4065266.0;4217259.0
14/09/20;20;4370788.0;4313451.0;4193969.0
14/09/20;21;4489128.0;4357708.0;3876886.0
14/09/20;22;4083237.0;3958469.0;3540829.0
14/09/20;23;3591718.0;3325401.0;3123218.0
14/09/20;24;3083186.0;2743718.0;2696928.0
15/09/20;1;2640986.0;2175741.0;2683790.0
15/09/20;2;2369599.0;1842130.0;2476178.0
15/09/20;3;2238575.0;1679923.0;2414309.0
15/09/20;4;2183714.0;1648744.0;2516438.0
15/09/20;5;2178450.0;1697726.0;2659669.0
15/09/20;6;2259694.0;1806658.0;2883497.0
15/09/20;7;2478029.0;2025937.0;3243854.0
15/09/20;8;2881364.0;2423494.0;3590261.0
15/09/20;9;3506860.0;3176142.0;3852024.0
15/09/20;10;3752919.0;3390172.0;3968561.0
15/09/20;11;3811882.0;3479921.0;4112827.0
15/09/20;12;3865101.0;3577409.0;4227579.0
15/09/20;13;3737645.0;3517520.0;4365747.0
15/09/20;14;3618114.0;3420242.0;4436837.0
15/09/20;15;3683799.0;3463878.0;4569501.0
15/09/20;16;3726899.0;3489669.0;4848943.0
15/09/20;17;3854324.0;3620520.0;4921599.0
15/09/20;18;4019269.0;3842422.0;5102645.0
15/09/20;19;4291654.0;4356318.0;5055839.0
15/09/20;20;4419289.0;4603563.0;4977996.0
15/09/20;21;4537844.0;4641661.0;4609900.0
15/09/20;22;4129500.0;4230554.0;4183754.0
15/09/20;23;3633213.0;3579567.0;3707476.0
15/09/20;24;3118072.0;2973754.0;3262535.0
16/09/20;1;2667978.0;2375477.0;2983860.0
16/09/20;2;2388007.0;2005651.0;2803517.0
16/09/20;3;2248310.0;1801795.0;2682344.0
16/09/20;4;2185246.0;1724232.0;2625679.0
16/09/20;5;2172748.0;1723003.0;2741741.0
16/09/20;6;2248125.0;1778992.0;3050481.0
16/09/20;7;2462247.0;1943847.0;3378237.0
16/09/20;8;2863182.0;2286868.0;3726749.0
16/09/20;9;3488122.0;2986308.0;3886634.0
16/09/20;10;3735372.0;3149916.0;3981992.0
16/09/20;11;3797065.0;3193456.0;4104623.0
16/09/20;12;3854250.0;3250284.0;4198783.0
16/09/20;13;3731626.0;3156474.0;4195077.0
16/09/20;14;3617372.0;3033015.0;4340229.0
16/09/20;15;3688350.0;3058970.0;4428805.0
16/09/20;16;3736343.0;3076072.0;4559359.0
16/09/20;17;3867889.0;3207420.0;4704498.0
16/09/20;18;4035874.0;3438892.0;4871114.0
16/09/20;19;4309998.0;3971009.0;4919790.0
16/09/20;20;4437948.0;4244409.0;4783778.0
16/09/20;21;4555376.0;4315610.0;4556864.0
16/09/20;22;4144552.0;3943334.0;4159924.0
16/09/20;23;3644618.0;3335508.0;3722827.0
16/09/20;24;3124936.0;2775658.0;3319068.0
17/09/20;1;2669744.0;2224555.0;3022676.0
17/09/20;2;2384503.0;1901531.0;2784513.0
17/09/20;3;2239763.0;1742588.0;2711313.0
17/09/20;4;2172279.0;1706671.0;2726984.0
17/09/20;5;2156341.0;1742634.0;2804634.0
17/09/20;6;2229559.0;1830422.0;3078404.0
17/09/20;7;2443026.0;2021027.0;3268181.0
17/09/20;8;2844937.0;2383406.0;3494563.0
17/09/20;9;3472508.0;3095793.0;3583613.0
17/09/20;10;3723961.0;3266240.0;3654510.0
17/09/20;11;3791243.0;3311117.0;3763363.0
17/09/20;12;3855123.0;3364659.0;3876100.0
17/09/20;13;3739939.0;3264049.0;3978753.0
17/09/20;14;3633461.0;3131548.0;4089076.0
17/09/20;15;3712106.0;3147601.0;4241991.0
17/09/20;16;3767210.0;3155351.0;4435839.0
17/09/20;17;3904890.0;3279267.0;4544511.0
17/09/20;18;4077663.0;3506478.0;4669289.0
17/09/20;19;4354941.0;4038572.0;4687343.0
17/09/20;20;4484218.0;4317005.0;4617793.0
17/09/20;21;4601067.0;4398815.0;4397000.0
17/09/20;22;4187802.0;4042908.0;4002239.0
17/09/20;23;3683731.0;3457032.0;3562372.0
17/09/20;24;3158499.0;2924173.0;3223377.0
18/09/20;1;2696726.0;2404207.0;2916655.0
18/09/20;2;2404338.0;2115246.0;2701784.0
18/09/20;3;2252404.0;1991791.0;2541075.0
18/09/20;4;2178219.0;1991068.0;2521563.0
18/09/20;5;2156601.0;2060063.0;2674123.0
18/09/20;6;2225643.0;2176783.0;2933532.0
18/09/20;7;2436836.0;2390302.0;3111712.0
18/09/20;8;2838663.0;2767765.0;3396385.0
18/09/20;9;3468489.0;3485786.0;3466807.0
18/09/20;10;3724526.0;3651073.0;3539983.0
18/09/20;11;3798542.0;3678993.0;3544849.0
18/09/20;12;3870953.0;3703180.0;3765657.0
18/09/20;13;3765585.0;3560660.0;3858898.0
18/09/20;14;3669542.0;3374008.0;3966260.0
18/09/20;15;3758456.0;3324451.0;4054811.0
18/09/20;16;3822792.0;3256379.0;4173822.0
18/09/20;17;3967746.0;3295927.0;4343130.0
18/09/20;18;4144918.0;3432269.0;4515045.0
18/09/20;19;4422844.0;3869338.0;4543982.0
18/09/20;20;4548245.0;4051162.0;4485034.0
18/09/20;21;4656060.0;4037479.0;4284165.0
18/09/20;22;4228151.0;3589929.0;3874761.0
18/09/20;23;3703599.0;2918924.0;3437692.0
18/09/20;24;3152057.0;2309947.0;3068391.0
19/09/20;1;2658421.0;1725105.0;2834240.0
19/09/20;2;2329147.0;1384399.0;2711475.0
19/09/20;3;2136086.0;1223800.0;2554873.0
19/09/20;4;2017547.0;1201530.0;2588425.0
19/09/20;5;1949554.0;1265063.0;2703582.0
19/09/20;6;1971555.0;1392370.0;2992164.0
19/09/20;7;2136490.0;1631963.0;3317199.0
19/09/20;8;2494329.0;2049928.0;3461392.0
19/09/20;9;3083889.0;2821363.0;3615016.0
19/09/20;10;3304743.0;3051061.0;3682153.0
19/09/20;11;3349858.0;3152155.0;3701067.0
19/09/20;12;3400633.0;3255808.0;3795583.0
19/09/20;13;3281610.0;3196427.0;3869541.0
19/09/20;14;3180301.0;3093928.0;3980715.0
19/09/20;15;3272415.0;3126931.0;4135109.0
19/09/20;16;3348145.0;3137362.0;4191032.0
19/09/20;17;3512078.0;3249130.0;4322159.0
19/09/20;18;3714877.0;3449485.0;4378428.0
19/09/20;19;4023859.0;3940811.0;4423722.0
19/09/20;20;4184279.0;4165997.0;4323635.0
19/09/20;21;4329436.0;4184090.0;4081594.0
19/09/20;22;3939440.0;3756488.0;3689889.0
19/09/20;23;3451588.0;3093812.0;3247165.0
19/09/20;24;2933800.0;2482170.0;2853892.0
20/09/20;1;2469362.0;1884678.0;2668228.0
20/09/20;2;2163328.0;1522668.0;2456531.0
20/09/20;3;1986421.0;1333706.0;2422622.0
20/09/20;4;1876149.0;1277797.0;2455306.0
20/09/20;5;1808114.0;1304309.0;2589794.0
20/09/20;6;1821744.0;1393138.0;2881480.0
20/09/20;7;1970378.0;1594680.0;3094883.0
20/09/20;8;2304790.0;1976789.0;3288433.0
20/09/20;9;2864987.0;2716151.0;3385605.0
20/09/20;10;3052071.0;2918918.0;3446348.0
20/09/20;11;3060823.0;2999306.0;3439490.0
20/09/20;12;3074665.0;3089264.0;3536912.0
20/09/20;13;2920286.0;3023671.0;3527983.0
20/09/20;14;2787391.0;2922594.0;3616208.0
20/09/20;15;2853819.0;2964503.0;3704610.0
20/09/20;16;2911749.0;2990895.0;3823386.0
20/09/20;17;3067520.0;3125002.0;3896543.0
20/09/20;18;3273228.0;3353194.0;3996085.0
20/09/20;19;3597244.0;3876817.0;4022247.0
20/09/20;20;3785444.0;4137618.0;3902209.0
20/09/20;21;3971274.0;4193446.0;3603050.0
20/09/20;22;3634514.0;3804498.0;3213297.0
20/09/20;23;3211642.0;3180238.0;2781348.0
20/09/20;24;2769306.0;2605700.0;2507584.0
21/09/20;1;2389104.0;2043048.0;2354956.0
21/09/20;2;2174049.0;1712805.0;2265827.0
21/09/20;3;2092536.0;1551897.0;2184229.0
21/09/20;4;2079553.0;1519860.0;2311129.0
21/09/20;5;2108079.0;1565771.0;2456076.0
21/09/20;6;2214913.0;1669406.0;2782656.0
21/09/20;7;2450857.0;1881197.0;3128285.0
21/09/20;8;2864333.0;2269174.0;3386630.0
21/09/20;9;3493269.0;3010320.0;3525153.0
21/09/20;10;3737030.0;3211174.0;3612173.0
21/09/20;11;3789067.0;3286411.0;3653599.0
21/09/20;12;3831917.0;3368478.0;3666358.0
21/09/20;13;3691861.0;3292776.0;3757990.0
21/09/20;14;3558668.0;3179895.0;3828736.0
21/09/20;15;3610713.0;3208810.0;3905003.0
21/09/20;16;3641143.0;3221495.0;4061148.0
21/09/20;17;3757649.0;3341619.0;4189249.0
21/09/20;18;3914011.0;3555947.0;4321948.0
21/09/20;19;4180536.0;4066176.0;4262994.0
21/09/20;20;4305206.0;4314360.0;4129228.0
21/09/20;21;4423667.0;4358617.0;3734606.0
21/09/20;22;4017898.0;3959378.0;3362003.0
21/09/20;23;3526501.0;3326310.0;2955113.0
21/09/20;24;3018091.0;2744628.0;2569595.0
22/09/20;1;2576012.0;2176650.0;2622745.0
22/09/20;2;2304748.0;1843039.0;2455281.0
22/09/20;3;2173847.0;1680832.0;2429473.0
22/09/20;4;2119109.0;1649653.0;2578336.0
22/09/20;5;2113969.0;1698635.0;2801878.0
22/09/20;6;2195337.0;1807567.0;3090550.0
22/09/20;7;2413797.0;2026846.0;3495310.0
22/09/20;8;2817256.0;2424403.0;3807344.0
22/09/20;9;3442877.0;3177051.0;3995177.0
22/09/20;10;3689061.0;3391081.0;4030409.0
22/09/20;11;3748150.0;3480830.0;4110415.0
22/09/20;12;3801494.0;3578318.0;4215728.0
22/09/20;13;3674165.0;3518429.0;4362768.0
22/09/20;14;3554760.0;3421152.0;4449941.0
22/09/20;15;3620572.0;3464787.0;4611989.0
22/09/20;16;3663798.0;3490578.0;4920869.0
22/09/20;17;3791351.0;3621429.0;5000964.0
22/09/20;18;3956423.0;3843331.0;5152597.0
22/09/20;19;4228936.0;4357227.0;5014012.0
22/09/20;20;4356700.0;4604472.0;4803420.0
22/09/20;21;4475383.0;4642570.0;4334643.0
22/09/20;22;4067168.0;4231463.0;3864518.0
22/09/20;23;3571010.0;3580476.0;3418826.0
22/09/20;24;3055999.0;2974663.0;3043473.0
23/09/20;1;2606034.0;2376386.0;2830610.0
23/09/20;2;2326194.0;2006560.0;2699918.0
23/09/20;3;2186627.0;1802705.0;2632538.0
23/09/20;4;2123694.0;1725142.0;2641040.0
23/09/20;5;2111327.0;1723913.0;2839694.0
23/09/20;6;2186836.0;1779901.0;3234251.0
23/09/20;7;2401089.0;1944756.0;3591976.0
23/09/20;8;2802156.0;2287777.0;3910725.0
23/09/20;9;3427228.0;2987217.0;4009039.0
23/09/20;10;3674611.0;3150826.0;4034288.0
23/09/20;11;3736437.0;3194366.0;4098694.0
23/09/20;12;3793756.0;3251193.0;4169164.0
23/09/20;13;3671265.0;3157384.0;4199113.0
23/09/20;14;3557145.0;3033925.0;4356094.0
23/09/20;15;3628257.0;3059879.0;4480479.0
23/09/20;16;3676385.0;3076981.0;4652261.0
23/09/20;17;3808066.0;3208329.0;4809638.0
23/09/20;18;3976186.0;3439802.0;4939193.0
23/09/20;19;4250445.0;3971919.0;4890614.0
23/09/20;20;4378532.0;4245318.0;4630196.0
23/09/20;21;4496096.0;4316519.0;4293205.0
23/09/20;22;4085408.0;3944244.0;3838013.0
23/09/20;23;3585611.0;3336417.0;3417216.0
23/09/20;24;3066066.0;2776567.0;3075792.0
24/09/20;1;2611012.0;2225464.0;2850750.0
24/09/20;2;2325909.0;1902440.0;2668326.0
24/09/20;3;2181307.0;1743498.0;2638656.0
24/09/20;4;2113961.0;1707580.0;2720953.0
24/09/20;5;2098162.0;1743543.0;2887803.0
24/09/20;6;2171519.0;1831331.0;3260753.0
24/09/20;7;2385125.0;2021936.0;3486839.0
24/09/20;8;2787176.0;2384315.0;3696119.0
24/09/20;9;3414887.0;3096702.0;3723647.0
24/09/20;10;3666481.0;3267149.0;3725800.0
24/09/20;11;3733904.0;3312026.0;3793151.0
24/09/20;12;3797925.0;3365569.0;3905044.0
24/09/20;13;3682883.0;3264958.0;4017693.0
24/09/20;14;3576547.0;3132458.0;4151217.0
24/09/20;15;3655334.0;3148510.0;4328190.0
24/09/20;16;3710580.0;3156261.0;4549972.0
24/09/20;17;3848403.0;3280176.0;4689762.0
24/09/20;18;4021319.0;3507387.0;4783875.0
24/09/20;19;4298740.0;4039481.0;4698593.0
24/09/20;20;4428161.0;4317914.0;4496962.0
24/09/20;21;4545154.0;4399724.0;4179651.0
24/09/20;22;4132033.0;4043817.0;3727121.0
24/09/20;23;3628108.0;3457941.0;3301699.0
24/09/20;24;3103020.0;2925082.0;3012507.0
25/09/20;1;2641393.0;2405116.0;2768920.0
25/09/20;2;2349151.0;2116155.0;2608682.0
25/09/20;3;2197363.0;1992701.0;2501077.0
25/09/20;4;2123324.0;1991977.0;2562612.0
25/09/20;5;2101854.0;2060972.0;2796652.0
25/09/20;6;2171042.0;2177692.0;3149577.0
25/09/20;7;2382383.0;2391211.0;3374665.0
25/09/20;8;2784358.0;2768674.0;3633015.0
25/09/20;9;3414332.0;3486696.0;3649958.0
25/09/20;10;3670517.0;3651982.0;3651067.0
25/09/20;11;3744682.0;3679902.0;3622971.0
25/09/20;12;3817243.0;3704089.0;3850365.0
25/09/20;13;3712024.0;3561570.0;3953380.0
25/09/20;14;3616131.0;3374918.0;4080797.0
25/09/20;15;3705196.0;3325360.0;4197981.0
25/09/20;16;3769682.0;3257288.0;4349158.0
25/09/20;17;3914787.0;3296836.0;4541429.0
25/09/20;18;4092110.0;3433178.0;4676062.0
25/09/20;19;4370188.0;3870247.0;4607316.0
25/09/20;20;4495741.0;4052071.0;4417001.0
25/09/20;21;4603707.0;4038389.0;4090981.0
25/09/20;22;4175952.0;3590838.0;3628125.0
25/09/20;23;3651552.0;2919834.0;3199594.0
25/09/20;24;3100164.0;2310856.0;2894980.0
26/09/20;1;2606681.0;1726015.0;2708653.0
26/09/20;2;2277561.0;1385308.0;2636004.0
26/09/20;3;2084655.0;1224709.0;2527119.0
26/09/20;4;1966270.0;1202439.0;2629642.0
26/09/20;5;1898432.0;1265972.0;2818732.0
26/09/20;6;1920588.0;1393279.0;3183118.0
26/09/20;7;2085679.0;1632872.0;3556942.0
26/09/20;8;2443674.0;2050837.0;3676382.0
26/09/20;9;3033391.0;2822272.0;3783331.0
26/09/20;10;3254401.0;3051971.0;3798165.0
26/09/20;11;3299673.0;3153065.0;3775166.0
26/09/20;12;3350606.0;3256717.0;3858183.0
26/09/20;13;3231741.0;3197336.0;3951238.0
26/09/20;14;3130590.0;3094838.0;4094217.0
26/09/20;15;3222862.0;3127840.0;4262101.0
26/09/20;16;3298751.0;3138272.0;4361139.0
26/09/20;17;3462843.0;3250039.0;4501844.0
26/09/20;18;3665802.0;3450394.0;4531877.0
26/09/20;19;3974944.0;3941720.0;4490012.0
26/09/20;20;4135524.0;4166906.0;4263057.0
26/09/20;21;4280841.0;4184999.0;3903448.0
26/09/20;22;3891007.0;3757398.0;3455650.0
26/09/20;23;3403316.0;3094722.0;3031415.0
26/09/20;24;2885690.0;2483080.0;2686459.0
27/09/20;1;2421413.0;1885587.0;2558253.0
27/09/20;2;2115542.0;1523577.0;2391504.0
27/09/20;3;1938797.0;1334616.0;2406711.0
27/09/20;4;1828688.0;1278706.0;2495285.0
27/09/20;5;1760817.0;1305218.0;2702110.0
27/09/20;6;1774610.0;1394048.0;3079022.0
27/09/20;7;1923409.0;1595590.0;3330989.0
27/09/20;8;2257985.0;1977698.0;3504978.0
27/09/20;9;2818347.0;2717060.0;3551280.0
27/09/20;10;3005597.0;2919827.0;3549208.0
27/09/20;11;3014514.0;3000216.0;3520550.0
27/09/20;12;3028521.0;3090174.0;3615952.0
27/09/20;13;2874309.0;3024580.0;3629205.0
27/09/20;14;2741580.0;2923503.0;3734507.0
27/09/20;15;2808175.0;2965412.0;3857514.0
27/09/20;16;2866273.0;2991805.0;4008126.0
27/09/20;17;3022211.0;3125911.0;4101654.0
27/09/20;18;3228087.0;3354103.0;4159379.0
27/09/20;19;3552272.0;3877726.0;4090581.0
27/09/20;20;3740640.0;4138527.0;3850122.0
27/09/20;21;3926639.0;4194355.0;3438799.0
27/09/20;22;3590048.0;3805408.0;3010158.0
27/09/20;23;3167346.0;3181147.0;2585926.0
27/09/20;24;2725180.0;2606609.0;2348383.0
28/09/20;1;2345149.0;2043957.0;2247594.0
28/09/20;2;2130264.0;1713714.0;2199904.0
28/09/20;3;2048922.0;1552806.0;2163865.0
28/09/20;4;2036111.0;1520769.0;2349908.0
28/09/20;5;2064809.0;1566680.0;2572872.0
28/09/20;6;2171815.0;1670315.0;2972981.0
28/09/20;7;2407931.0;1882106.0;3336039.0
28/09/20;8;2821580.0;2270084.0;3563207.0
28/09/20;9;3450689.0;3011229.0;3662757.0
28/09/20;10;3694624.0;3212083.0;3676834.0
28/09/20;11;3746835.0;3287320.0;3694844.0
28/09/20;12;3789860.0;3369387.0;3699166.0
28/09/20;13;3649978.0;3293685.0;3809681.0
28/09/20;14;3516961.0;3180805.0;3898827.0
28/09/20;15;3569181.0;3209720.0;4014684.0
28/09/20;16;3599786.0;3222405.0;4193005.0
28/09/20;17;3716468.0;3342528.0;4332601.0
28/09/20;18;3873007.0;3556856.0;4440630.0
28/09/20;19;4139708.0;4067085.0;4294232.0
28/09/20;20;4264555.0;4315269.0;4031915.0
28/09/20;21;4383194.0;4359526.0;3553795.0
28/09/20;22;3977603.0;3960288.0;3139291.0
28/09/20;23;3486384.0;3327220.0;2749737.0
28/09/20;24;2978152.0;2745537.0;2414837.0
29/09/20;1;2536253.0;2177560.0;2552924.0
29/09/20;2;2265168.0;1843948.0;2420845.0
29/09/20;3;2134447.0;1681741.0;2437924.0
29/09/20;4;2079889.0;1650563.0;2648643.0
29/09/20;5;2074929.0;1699545.0;2971885.0
29/09/20;6;2156478.0;1808477.0;3302888.0
29/09/20;7;2375118.0;2027755.0;3695082.0
29/09/20;8;2778759.0;2425312.0;3932850.0
29/09/20;9;3404562.0;3177961.0;4033488.0
29/09/20;10;3650928.0;3391991.0;4004099.0
29/09/20;11;3710199.0;3481739.0;4047502.0
29/09/20;12;3763726.0;3579227.0;4160232.0
29/09/20;13;3636580.0;3519338.0;4332671.0
29/09/20;14;3517359.0;3422061.0;4458852.0
29/09/20;15;3583354.0;3465696.0;4662281.0
29/09/20;16;3626765.0;3491488.0;4994602.0
29/09/20;17;3754503.0;3622338.0;5063792.0
29/09/20;18;3919759.0;3844240.0;5154986.0
29/09/20;19;4192458.0;4358136.0;4901233.0
29/09/20;20;4320407.0;4605381.0;4562473.0
29/09/20;21;4439277.0;4643480.0;4019897.0
29/09/20;22;4031247.0;4232372.0;3542999.0
29/09/20;23;3535276.0;3581385.0;3150940.0
29/09/20;24;3020452.0;2975573.0;2856308.0
30/09/20;1;2570675.0;2377295.0;2705765.0
30/09/20;2;2291023.0;2007470.0;2607360.0
30/09/20;3;2151643.0;1803614.0;2599018.0
30/09/20;4;2088899.0;1726051.0;2693589.0
30/09/20;5;2076721.0;1724822.0;2985856.0
30/09/20;6;2152419.0;1780811.0;3435014.0
30/09/20;7;2366862.0;1945665.0;3764557.0
30/09/20;8;2768119.0;2288686.0;4003273.0
30/09/20;9;3393381.0;2988126.0;4030708.0
30/09/20;10;3640954.0;3151735.0;4003868.0
30/09/20;11;3702971.0;3195275.0;4039709.0
30/09/20;12;3760481.0;3252102.0;4108573.0
30/09/20;13;3638182.0;3158293.0;4191764.0
30/09/20;14;3524254.0;3034834.0;4375056.0
30/09/20;15;3595559.0;3060788.0;4556040.0
30/09/20;16;3643879.0;3077891.0;4764761.0
30/09/20;17;3775753.0;3209239.0;4915882.0
30/09/20;18;3944066.0;3440711.0;4978078.0
30/09/20;19;4218519.0;3972828.0;4803287.0
30/09/20;20;4346800.0;4246228.0;4420135.0
30/09/20;21;4464558.0;4317428.0;4000878.0
30/09/20;22;4054065.0;3945153.0;3532599.0
30/09/20;23;3554463.0;3337326.0;3159549.0
30/09/20;24;3035114.0;2777476.0;2887146.0
01/10/20;1;2580255.0;2226374.0;2727209.0
01/10/20;2;2295349.0;1903350.0;2590481.0
01/10/20;3;2150943.0;1744407.0;2601606.0
01/10/20;4;2083794.0;1708489.0;2770391.0
01/10/20;5;2068192.0;1744452.0;3035571.0
01/10/20;6;2141747.0;1832240.0;3479822.0
01/10/20;7;2355551.0;2022845.0;3692193.0
01/10/20;8;2757800.0;2385225.0;3833821.0
01/10/20;9;3385710.0;3097612.0;3797221.0
01/10/20;10;3637503.0;3268059.0;3752483.0
01/10/20;11;3705125.0;3312935.0;3805948.0
01/10/20;12;3769345.0;3366478.0;3939914.0
01/10/20;13;3654503.0;3265867.0;4074584.0
01/10/20;14;3548367.0;3133367.0;4248204.0
01/10/20;15;3627355.0;3149419.0;4457568.0
01/10/20;16;3682802.0;3157170.0;4707346.0
01/10/20;17;3820826.0;3281086.0;4855353.0
01/10/20;18;3993945.0;3508297.0;4880315.0
01/10/20;19;4271568.0;4040391.0;4673728.0
01/10/20;20;4401191.0;4318824.0;4338230.0
01/10/20;21;4518387.0;4400634.0;3948265.0
01/10/20;22;4105469.0;4044726.0;3475075.0
01/10/20;23;3601747.0;3458850.0;3095420.0
01/10/20;24;3076863.0;2925992.0;2868205.0
02/10/20;1;2615440.0;2406026.0;2686233.0
02/10/20;2;2323403.0;2117064.0;2568708.0
02/10/20;3;2171819.0;1993610.0;2515583.0
02/10/20;4;2097985.0;1992887.0;2673860.0
02/10/20;5;2076720.0;2061881.0;3002188.0
02/10/20;6;2146115.0;2178601.0;3424890.0
02/10/20;7;2357661.0;2392120.0;3641630.0
02/10/20;8;2759843.0;2769583.0;3835124.0
02/10/20;9;3390023.0;3487605.0;3790745.0
02/10/20;10;3646416.0;3652892.0;3739401.0
02/10/20;11;3720788.0;3680811.0;3708445.0
02/10/20;12;3793557.0;3704999.0;3951173.0
02/10/20;13;3688546.0;3562479.0;4078169.0
02/10/20;14;3592861.0;3375827.0;4235409.0
02/10/20;15;3682135.0;3326270.0;4390558.0
02/10/20;16;3746830.0;3258197.0;4574349.0
02/10/20;17;3892145.0;3297746.0;4762469.0
02/10/20;18;4069678.0;3434087.0;4821071.0
02/10/20;19;4347966.0;3871157.0;4629293.0
02/10/20;20;4473729.0;4052981.0;4307304.0
02/10/20;21;4581907.0;4039298.0;3888041.0
02/10/20;22;4154362.0;3591748.0;3408296.0
02/10/20;23;3630174.0;2920743.0;3022451.0
02/10/20;24;3078998.0;2311765.0;2785193.0
03/10/20;1;2585727.0;1726924.0;2640434.0
03/10/20;2;2256819.0;1386218.0;2604857.0
03/10/20;3;2064126.0;1225619.0;2543890.0
03/10/20;4;1945955.0;1203348.0;2737670.0
03/10/20;5;1878330.0;1266882.0;3020202.0
03/10/20;6;1900700.0;1394188.0;3437621.0
03/10/20;7;2066005.0;1633781.0;3804818.0
03/10/20;8;2424214.0;2051746.0;3859205.0
03/10/20;9;3014145.0;2823181.0;3909934.0
03/10/20;10;3235371.0;3052880.0;3886146.0
03/10/20;11;3280859.0;3153974.0;3844326.0
03/10/20;12;3332008.0;3257626.0;3933438.0
03/10/20;13;3213358.0;3198246.0;4049292.0
03/10/20;14;3112424.0;3095747.0;4241066.0
03/10/20;15;3204913.0;3128749.0;4437967.0
03/10/20;16;3281018.0;3139181.0;4579206.0
03/10/20;17;3445328.0;3250948.0;4701436.0
03/10/20;18;3648505.0;3451304.0;4668628.0
03/10/20;19;3957864.0;3942629.0;4513795.0
03/10/20;20;4118663.0;4167816.0;4154020.0
03/10/20;21;4264199.0;4185908.0;3696427.0
03/10/20;22;3874583.0;3758307.0;3231149.0
03/10/20;23;3387112.0;3095631.0;2856473.0
03/10/20;24;2869705.0;2483989.0;2566976.0
04/10/20;1;2405649.0;1886497.0;2492626.0
04/10/20;2;2099998.0;1524486.0;2363089.0
04/10/20;3;1923474.0;1335525.0;2427081.0
04/10/20;4;1813585.0;1279616.0;2587954.0
04/10/20;5;1745935.0;1306128.0;2881539.0
04/10/20;6;1759950.0;1394957.0;3326279.0
04/10/20;7;1908970.0;1596499.0;3565168.0
04/10/20;8;2243769.0;1978608.0;3680351.0
04/10/20;9;2804353.0;2717969.0;3662425.0
04/10/20;10;2991825.0;2920736.0;3617930.0
04/10/20;11;3000966.0;3001125.0;3594636.0
04/10/20;12;3015196.0;3091083.0;3702444.0
04/10/20;13;2861208.0;3025490.0;3743032.0
04/10/20;14;2728703.0;2924413.0;3883758.0
04/10/20;15;2795522.0;2966321.0;4049164.0
04/10/20;16;2853845.0;2992714.0;4225264.0
04/10/20;17;3010008.0;3126820.0;4317608.0
04/10/20;18;3216110.0;3355013.0;4295939.0
04/10/20;19;3540520.0;3878636.0;4104668.0
04/10/20;20;3729113.0;4139437.0;3739560.0
04/10/20;21;3915339.0;4195264.0;3240179.0
04/10/20;22;3578974.0;3806317.0;2803342.0
04/10/20;23;3156499.0;3182057.0;2414642.0
04/10/20;24;2714560.0;2607519.0;2222798.0
05/10/20;1;2334756.0;2044866.0;2164796.0
05/10/20;2;2120100.0;1714624.0;2151148.0
05/10/20;3;2038986.0;1553716.0;2165002.0
05/10/20;4;2026403.0;1521678.0;2427697.0
05/10/20;5;2055329.0;1567590.0;2742781.0
05/10/20;6;2162564.0;1671225.0;3185457.0
05/10/20;7;2398910.0;1883015.0;3512425.0
05/10/20;8;2812788.0;2270993.0;3667697.0
05/10/20;9;3442127.0;3012139.0;3722353.0
05/10/20;10;3686292.0;3212993.0;3685874.0
05/10/20;11;3738733.0;3288229.0;3703322.0
05/10/20;12;3781988.0;3370296.0;3716564.0
05/10/20;13;3642338.0;3294595.0;3853494.0
05/10/20;14;3509552.0;3181714.0;3973811.0
05/10/20;15;3562003.0;3210629.0;4137720.0
05/10/20;16;3592840.0;3223314.0;4333344.0
05/10/20;17;3709754.0;3343437.0;4463941.0
05/10/20;18;3866526.0;3557765.0;4507188.0
05/10/20;19;4133460.0;4067994.0;4252807.0
05/10/20;20;4258540.0;4316179.0;3860418.0
05/10/20;21;4377412.0;4360436.0;3318032.0
05/10/20;22;3972054.0;3961197.0;2887247.0
05/10/20;23;3481069.0;3328129.0;2537865.0
05/10/20;24;2973072.0;2746446.0;2260041.0
06/10/20;1;2531407.0;2178469.0;2493048.0
06/10/20;2;2260557.0;1844858.0;2401645.0
06/10/20;3;2130071.0;1682651.0;2485493.0
06/10/20;4;2075748.0;1651472.0;2777343.0
06/10/20;5;2071024.0;1700454.0;3181783.0
06/10/20;6;2152808.0;1809386.0;3505032.0
06/10/20;7;2371685.0;2028664.0;3828835.0
06/10/20;8;2775562.0;2426222.0;3976954.0
06/10/20;9;3401602.0;3178870.0;4005869.0
06/10/20;10;3648205.0;3392900.0;3949489.0
06/10/20;11;3707713.0;3482649.0;3989607.0
06/10/20;12;3761477.0;3580137.0;4125347.0
06/10/20;13;3634569.0;3520248.0;4335720.0
06/10/20;14;3515586.0;3422970.0;4513404.0
06/10/20;15;3581820.0;3466605.0;4761953.0
06/10/20;16;3625469.0;3492397.0;5091672.0
06/10/20;17;3753446.0;3623248.0;5113532.0
06/10/20;18;3918942.0;3845150.0;5102978.0
06/10/20;19;4191879.0;4359046.0;4721813.0
06/10/20;20;4320069.0;4606290.0;4276763.0
06/10/20;21;4439178.0;4644389.0;3704655.0
06/10/20;22;4031389.0;4233282.0;3263748.0
06/10/20;23;3535658.0;3582295.0;2937876.0
06/10/20;24;3021075.0;2976482.0;2716703.0
07/10/20;1;2571539.0;2378204.0;2618438.0
07/10/20;2;2292128.0;2008379.0;2553608.0
07/10/20;3;2152990.0;1804523.0;2624524.0
07/10/20;4;2090488.0;1726960.0;2823691.0
07/10/20;5;2078552.0;1725731.0;3191111.0
07/10/20;6;2154492.0;1781720.0;3639670.0
07/10/20;7;2369177.0;1946575.0;3887418.0
07/10/20;8;2770677.0;2289596.0;4027195.0
07/10/20;9;3396182.0;2989035.0;3996353.0
07/10/20;10;3643999.0;3152644.0;3948184.0
07/10/20;11;3706260.0;3196184.0;3989534.0
07/10/20;12;3764013.0;3253012.0;4074105.0
07/10/20;13;3641958.0;3159202.0;4217145.0
07/10/20;14;3528274.0;3035743.0;4436374.0
07/10/20;15;3599824.0;3061698.0;4681695.0
07/10/20;16;3648389.0;3078800.0;4901148.0
07/10/20;17;3780508.0;3210148.0;5003495.0
07/10/20;18;3949067.0;3441620.0;4962792.0
07/10/20;19;4223766.0;3973737.0;4645719.0
07/10/20;20;4352292.0;4247137.0;4162745.0
07/10/20;21;4470297.0;4318338.0;3705049.0
07/10/20;22;4060050.0;3946062.0;3264822.0
07/10/20;23;3560694.0;3338236.0;2960047.0
07/10/20;24;3041592.0;2778386.0;2751911.0
08/10/20;1;2586980.0;2227283.0;2645816.0
08/10/20;2;2302321.0;1904259.0;2555546.0
08/10/20;3;2158163.0;1745316.0;2628241.0
08/10/20;4;2091262.0;1709398.0;2898452.0
08/10/20;5;2075908.0;1745362.0;3240196.0
08/10/20;6;2149711.0;1833150.0;3695405.0
08/10/20;7;2363764.0;2023755.0;3839384.0
08/10/20;8;2766261.0;2386134.0;3892479.0
08/10/20;9;3394420.0;3098521.0;3807734.0
08/10/20;10;3646462.0;3268968.0;3747282.0
08/10/20;11;3714334.0;3313845.0;3815135.0
08/10/20;12;3778803.0;3367387.0;3983791.0
08/10/20;13;3664211.0;3266777.0;4151797.0
08/10/20;14;3558325.0;3134276.0;4375432.0
08/10/20;15;3637564.0;3150329.0;4618739.0
08/10/20;16;3693261.0;3158079.0;4875665.0
08/10/20;17;3831536.0;3281995.0;4986726.0
08/10/20;18;4004905.0;3509206.0;4901514.0
08/10/20;19;4282780.0;4041300.0;4561067.0
08/10/20;20;4412654.0;4319733.0;4117332.0
08/10/20;21;4530102.0;4401543.0;3696355.0
08/10/20;22;4117436.0;4045636.0;3244186.0
08/10/20;23;3613966.0;3459760.0;2933711.0
08/10/20;24;3089334.0;2926901.0;2767200.0
09/10/20;1;2628163.0;2406935.0;2638240.0
09/10/20;2;2336379.0;2117974.0;2563643.0
09/10/20;3;2185048.0;1994519.0;2583336.0
09/10/20;4;2111468.0;1993796.0;2847990.0
09/10/20;5;2090456.0;2062791.0;3252701.0
09/10/20;6;2160104.0;2179511.0;3686682.0
09/10/20;7;2371904.0;2393029.0;3837446.0
09/10/20;8;2774340.0;2770493.0;3948230.0
09/10/20;9;3404775.0;3488514.0;3857485.0
09/10/20;10;3661422.0;3653801.0;3785952.0
09/10/20;11;3736048.0;3681720.0;3777118.0
09/10/20;12;3809072.0;3705908.0;4043699.0
09/10/20;13;3704316.0;3563388.0;4206576.0
09/10/20;14;3608887.0;3376736.0;4403816.0
09/10/20;15;3698416.0;3327179.0;4592727.0
09/10/20;16;3763366.0;3259107.0;4790456.0
09/10/20;17;3908937.0;3298655.0;4930035.0
09/10/20;18;4086726.0;3434996.0;4877266.0
09/10/20;19;4365270.0;3872066.0;4551557.0
09/10/20;20;4491290.0;4053890.0;4122273.0
09/10/20;21;4599724.0;4040207.0;3658584.0
09/10/20;22;4172436.0;3592657.0;3207569.0
09/10/20;23;3648504.0;2921652.0;2887207.0
09/10/20;24;3097585.0;2312675.0;2709369.0
10/10/20;1;2604572.0;1727833.0;2601573.0
10/10/20;2;2275922.0;1387127.0;2603413.0
10/10/20;3;2083486.0;1226528.0;2610193.0
10/10/20;4;1965573.0;1204258.0;2910860.0
10/10/20;5;1898206.0;1267791.0;3273262.0
10/10/20;6;1920834.0;1395097.0;3689441.0
10/10/20;7;2086398.0;1634690.0;3991529.0
10/10/20;8;2444865.0;2052656.0;3960912.0
10/10/20;9;3035055.0;2824091.0;3968638.0
10/10/20;10;3256540.0;3053789.0;3930706.0
10/10/20;11;3302287.0;3154883.0;3896108.0
10/10/20;12;3353695.0;3258535.0;4005628.0
10/10/20;13;3235305.0;3199155.0;4152084.0
10/10/20;14;3134630.0;3096656.0;4401942.0
10/10/20;15;3227379.0;3129659.0;4630110.0
10/10/20;16;3303744.0;3140090.0;4789813.0
10/10/20;17;3468314.0;3251858.0;4853788.0
10/10/20;18;3671751.0;3452213.0;4722549.0
10/10/20;19;3981371.0;3943538.0;4441565.0
10/10/20;20;4142431.0;4168725.0;3969503.0
10/10/20;21;4288227.0;4186818.0;3460931.0
10/10/20;22;3898872.0;3759216.0;3022594.0
10/10/20;23;3411662.0;3096540.0;2718676.0
10/10/20;24;2894516.0;2484898.0;2484936.0
11/10/20;1;2430721.0;1887406.0;2455818.0
11/10/20;2;2125332.0;1525396.0;2365486.0
11/10/20;3;1949069.0;1336434.0;2497554.0
11/10/20;4;1839443.0;1280525.0;2748127.0
11/10/20;5;1772054.0;1307037.0;3112520.0
11/10/20;6;1786332.0;1395866.0;3571336.0
11/10/20;7;1935614.0;1597408.0;3745337.0
11/10/20;8;2270675.0;1979517.0;3780512.0
11/10/20;9;2831522.0;2718879.0;3711273.0
11/10/20;10;3019257.0;2921646.0;3650484.0
11/10/20;11;3028660.0;3002034.0;3654083.0
11/10/20;12;3043154.0;3091992.0;3790945.0
11/10/20;13;2889429.0;3026399.0;3861198.0
11/10/20;14;2757187.0;2925322.0;4046914.0
11/10/20;15;2824270.0;2967231.0;4251591.0
11/10/20;16;2882856.0;2993623.0;4430564.0
11/10/20;17;3039282.0;3127730.0;4478671.0
11/10/20;18;3245648.0;3355922.0;4344552.0
11/10/20;19;3570322.0;3879545.0;4020528.0
11/10/20;20;3759180.0;4140346.0;3554121.0
11/10/20;21;3945670.0;4196174.0;3012142.0
11/10/20;22;3609569.0;3807226.0;2606732.0
11/10/20;23;3187358.0;3182966.0;2278677.0
11/10/20;24;2745684.0;2608428.0;2133197.0
12/10/20;1;2366145.0;2045775.0;2109585.0
12/10/20;2;2151753.0;1715533.0;2136257.0
12/10/20;3;2070904.0;1554625.0;2221079.0
12/10/20;4;2058586.0;1522588.0;2579154.0
12/10/20;5;2087777.0;1568499.0;2969900.0
12/10/20;6;2195278.0;1672134.0;3400680.0
12/10/20;7;2431889.0;1883925.0;3644552.0
12/10/20;8;2846032.0;2271902.0;3709810.0
12/10/20;9;3475637.0;3013048.0;3728030.0
12/10/20;10;3720068.0;3213902.0;3674188.0
12/10/20;11;3772774.0;3289138.0;3709147.0
12/10/20;12;3816296.0;3371206.0;3746520.0
12/10/20;13;3676911.0;3295504.0;3915610.0
12/10/20;14;3544391.0;3182623.0;4073547.0
12/10/20;15;3597109.0;3211538.0;4281556.0
12/10/20;16;3628212.0;3224223.0;4476651.0
12/10/20;17;3745393.0;3344347.0;4555946.0
12/10/20;18;3902431.0;3558675.0;4494308.0
12/10/20;19;4169631.0;4068904.0;4122606.0
12/10/20;20;4294978.0;4317088.0;3623929.0
12/10/20;21;4414117.0;4361345.0;3056513.0
12/10/20;22;4009026.0;3962106.0;2645556.0
12/10/20;23;3518308.0;3329038.0;2355361.0
12/10/20;24;3010578.0;2747356.0;2136436.0
13/10/20;1;2569180.0;2179378.0;2460290.0
13/10/20;2;2298597.0;1845767.0;2421936.0
13/10/20;3;2168379.0;1683560.0;2591785.0
13/10/20;4;2114323.0;1652381.0;2968015.0
13/10/20;5;2109867.0;1701363.0;3408213.0
13/10/20;6;2191919.0;1810295.0;3675552.0
13/10/20;7;2411063.0;2029574.0;3902826.0
13/10/20;8;2815208.0;2427131.0;3975718.0
13/10/20;9;3441515.0;3179779.0;3967600.0
13/10/20;10;3688386.0;3393809.0;3916009.0
13/10/20;11;3748162.0;3483558.0;3970036.0
13/10/20;12;3802195.0;3581046.0;4134160.0
13/10/20;13;3675555.0;3521157.0;4388662.0
13/10/20;14;3556840.0;3423880.0;4618117.0
13/10/20;15;3623342.0;3467515.0;4903154.0
13/10/20;16;3667259.0;3493306.0;5196393.0
13/10/20;17;3795504.0;3624157.0;5129767.0
13/10/20;18;3961269.0;3846059.0;4989813.0
13/10/20;19;4234475.0;4359955.0;4499813.0
13/10/20;20;4362933.0;4607200.0;3990068.0
13/10/20;21;4482310.0;4645298.0;3435584.0
13/10/20;22;4074790.0;4234191.0;3054520.0
13/10/20;23;3579328.0;3583204.0;2789923.0
13/10/20;24;3065014.0;2977391.0;2623464.0
14/10/20;1;2615746.0;2379114.0;2568727.0
14/10/20;2;2336604.0;2009288.0;2553271.0
14/10/20;3;2197735.0;1805432.0;2719056.0
14/10/20;4;2135502.0;1727870.0;3020599.0
14/10/20;5;2123835.0;1726640.0;3426609.0
14/10/20;6;2200044.0;1782629.0;3823432.0
14/10/20;7;2414998.0;1947484.0;3964302.0
14/10/20;8;2816767.0;2290505.0;4022520.0
14/10/20;9;3442541.0;2989945.0;3960256.0
14/10/20;10;3690627.0;3153553.0;3914658.0
14/10/20;11;3753157.0;3197093.0;3981310.0
14/10/20;12;3811180.0;3253921.0;4085964.0
14/10/20;13;3689394.0;3160111.0;4285390.0
14/10/20;14;3575980.0;3036652.0;4541336.0
14/10/20;15;3647799.0;3062607.0;4842268.0
14/10/20;16;3696633.0;3079709.0;5036530.0
14/10/20;17;3829022.0;3211057.0;5043858.0
14/10/20;18;3997850.0;3442529.0;4877036.0
14/10/20;19;4272818.0;3974647.0;4433447.0
14/10/20;20;4401614.0;4248046.0;3894278.0
14/10/20;21;4519888.0;4319247.0;3440786.0
14/10/20;22;4109910.0;3946971.0;3049857.0
14/10/20;23;3610824.0;3339145.0;2814156.0
14/10/20;24;3091992.0;2779295.0;2655848.0
15/10/20;1;2637649.0;2228192.0;2595890.0
15/10/20;2;2353260.0;1905168.0;2561915.0
15/10/20;3;2209371.0;1746225.0;2716739.0
15/10/20;4;2142740.0;1710308.0;3083755.0
15/10/20;5;2127655.0;1746271.0;3463716.0
15/10/20;6;2201728.0;1834059.0;3872790.0
15/10/20;7;2416050.0;2024664.0;3917567.0
15/10/20;8;2818817.0;2387043.0;3898238.0
15/10/20;9;3447245.0;3099430.0;3793740.0
15/10/20;10;3699557.0;3269877.0;3740748.0
15/10/20;11;3767698.0;3314754.0;3835834.0
15/10/20;12;3832437.0;3368296.0;4038433.0
15/10/20;13;3718115.0;3267686.0;4244470.0
15/10/20;14;3612499.0;3135186.0;4517939.0
15/10/20;15;3692006.0;3151238.0;4788518.0
15/10/20;16;3747973.0;3158989.0;5019760.0
15/10/20;17;3886518.0;3282904.0;5045182.0
15/10/20;18;4060157.0;3510115.0;4826094.0
15/10/20;19;4338300.0;4042209.0;4365414.0
15/10/20;20;4468444.0;4320642.0;3863106.0
15/10/20;21;4586161.0;4402452.0;3452012.0
15/10/20;22;4173765.0;4046545.0;3046098.0
15/10/20;23;3670564.0;3460669.0;2806978.0
15/10/20;24;3146202.0;2927810.0;2687347.0
16/10/20;1;2685300.0;2407844.0;2605675.0
16/10/20;2;2393785.0;2118883.0;2584408.0
16/10/20;3;2242724.0;1995429.0;2692337.0
16/10/20;4;2169412.0;1994705.0;3057185.0
16/10/20;5;2148670.0;2063700.0;3502039.0
16/10/20;6;2218587.0;2180420.0;3888311.0
16/10/20;7;2430656.0;2393939.0;3942954.0
16/10/20;8;2833361.0;2771402.0;3984727.0
16/10/20;9;3464065.0;3489423.0;3876515.0
16/10/20;10;3720981.0;3654710.0;3810054.0
16/10/20;11;3795876.0;3682630.0;3832409.0
16/10/20;12;3869169.0;3706817.0;4124574.0
16/10/20;13;3764682.0;3564298.0;4328511.0
16/10/20;14;3669521.0;3377645.0;4569520.0
16/10/20;15;3759319.0;3328088.0;4781440.0
16/10/20;16;3824538.0;3260016.0;4959795.0
16/10/20;17;3970378.0;3299564.0;5003998.0
16/10/20;18;4148435.0;3435906.0;4823278.0
16/10/20;19;4427248.0;3872975.0;4381312.0
16/10/20;20;4553536.0;4054799.0;3891480.0
16/10/20;21;4662238.0;4041117.0;3427502.0
16/10/20;22;4235219.0;3593566.0;3032172.0
16/10/20;23;3711555.0;2922562.0;2778252.0
16/10/20;24;3160905.0;2313584.0;2644858.0
17/10/20;1;2668159.0;1728743.0;2572825.0
17/10/20;2;2339777.0;1388036.0;2625050.0
17/10/20;3;2147609.0;1227437.0;2718628.0
17/10/20;4;2029964.0;1205167.0;3120364.0
17/10/20;5;1962865.0;1268700.0;3527879.0
17/10/20;6;1985761.0;1396007.0;3889144.0
17/10/20;7;2151592.0;1635600.0;4095800.0
17/10/20;8;2510327.0;2053565.0;3992542.0
17/10/20;9;3100785.0;2825000.0;3984708.0
17/10/20;10;3322537.0;3054699.0;3951917.0
17/10/20;11;3368551.0;3155793.0;3937172.0
17/10/20;12;3420227.0;3259445.0;4072543.0
17/10/20;13;3302104.0;3200064.0;4257477.0
17/10/20;14;3201696.0;3097566.0;4563923.0
17/10/20;15;3294712.0;3130568.0;4814300.0
17/10/20;16;3371344.0;3141000.0;4955719.0
17/10/20;17;3536181.0;3252767.0;4922798.0
17/10/20;18;3739884.0;3453122.0;4673218.0
17/10/20;19;4049771.0;3944448.0;4281059.0
17/10/20;20;4211097.0;4169634.0;3742629.0
17/10/20;21;4357160.0;4187727.0;3231261.0
17/10/20;22;3968071.0;3760126.0;2845284.0
17/10/20;23;3481127.0;3097450.0;2611312.0
17/10/20;24;2964248.0;2485807.0;2425673.0
18/10/20;1;2500718.0;1888315.0;2434247.0
18/10/20;2;2195595.0;1526305.0;2394147.0
18/10/20;3;2019598.0;1337343.0;2615283.0
18/10/20;4;1910237.0;1281434.0;2952277.0
18/10/20;5;1843114.0;1307946.0;3351216.0
18/10/20;6;1857657.0;1396776.0;3769013.0
18/10/20;7;2007205.0;1598318.0;3856080.0
18/10/20;8;2342531.0;1980426.0;3819133.0
18/10/20;9;2903643.0;2719788.0;3727660.0
18/10/20;10;3091643.0;2922555.0;3671304.0
18/10/20;11;3101311.0;3002944.0;3706000.0
18/10/20;12;3116069.0;3092902.0;3879570.0
18/10/20;13;2962608.0;3027308.0;3982962.0
18/10/20;14;2830631.0;2926231.0;4212487.0
18/10/20;15;2897978.0;2968140.0;4445076.0
18/10/20;16;2956828.0;2994532.0;4596302.0
18/10/20;17;3113518.0;3128639.0;4552661.0
18/10/20;18;3320148.0;3356831.0;4292074.0
18/10/20;19;3645085.0;3880454.0;3856821.0
18/10/20;20;3834207.0;4141255.0;3335572.0
18/10/20;21;4020960.0;4197083.0;2795939.0
18/10/20;22;3685123.0;3808136.0;2443596.0
18/10/20;23;3263175.0;3183875.0;2180039.0
18/10/20;24;2821764.0;2609337.0;2072070.0
19/10/20;1;2442487.0;2046685.0;2078965.0
19/10/20;2;2228358.0;1716442.0;2161175.0
19/10/20;3;2147771.0;1555534.0;2336684.0
19/10/20;4;2135716.0;1523497.0;2788388.0
19/10/20;5;2165170.0;1569408.0;3215741.0
19/10/20;6;2272932.0;1673043.0;3585330.0
19/10/20;7;2509805.0;1884834.0;3728670.0
19/10/20;8;2924210.0;2272811.0;3717949.0
19/10/20;9;3554076.0;3013957.0;3719788.0
19/10/20;10;3798768.0;3214811.0;3673009.0
19/10/20;11;3851736.0;3290048.0;3731222.0
19/10/20;12;3895518.0;3372115.0;3799774.0
19/10/20;13;3756395.0;3296413.0;4003429.0
19/10/20;14;3624135.0;3183533.0;4197425.0
19/10/20;15;3677114.0;3212447.0;4440167.0
19/10/20;16;3708477.0;3225133.0;4607540.0
19/10/20;17;3825918.0;3345256.0;4588915.0
19/10/20;18;3983216.0;3559584.0;4401395.0
19/10/20;19;4250676.0;4069813.0;3930236.0
19/10/20;20;4376283.0;4317997.0;3372942.0
19/10/20;21;4495681.0;4362254.0;2821116.0
19/10/20;22;4090849.0;3963015.0;2453090.0
19/10/20;23;3600390.0;3329947.0;2223645.0
19/10/20;24;3092919.0;2748265.0;2055362.0
20/10/20;1;2651780.0;2180287.0;2437994.0
20/10/20;2;2381455.0;1846676.0;2464357.0
20/10/20;3;2251494.0;1684469.0;2724419.0
20/10/20;4;2197697.0;1653291.0;3161242.0
20/10/20;5;2193498.0;1702272.0;3589758.0
20/10/20;6;2275808.0;1811205.0;3780898.0
20/10/20;7;2495209.0;2030483.0;3918612.0
20/10/20;8;2899611.0;2428040.0;3946533.0
20/10/20;9;3526176.0;3180689.0;3925847.0
20/10/20;10;3773304.0;3394718.0;3896388.0
20/10/20;11;3833336.0;3484467.0;3977809.0
20/10/20;12;3887625.0;3581955.0;4170807.0
20/10/20;13;3761241.0;3522066.0;4468735.0
20/10/20;14;3642782.0;3424789.0;4739981.0
20/10/20;15;3709540.0;3468424.0;5036212.0
20/10/20;16;3753713.0;3494216.0;5259316.0
20/10/20;17;3882213.0;3625066.0;5086335.0
20/10/20;18;4048232.0;3846968.0;4820400.0
20/10/20;19;4321693.0;4360864.0;4260290.0
20/10/20;20;4450406.0;4608109.0;3730945.0
20/10/20;21;4570038.0;4646208.0;3224600.0
20/10/20;22;4162771.0;4235100.0;2909470.0
20/10/20;23;3667563.0;3584113.0;2690644.0
20/10/20;24;3153503.0;2978301.0;2558388.0
21/10/20;1;2704488.0;2380023.0;2546813.0
21/10/20;2;2425599.0;2010198.0;2595793.0
21/10/20;3;2286983.0;1806342.0;2858142.0
21/10/20;4;2225003.0;1728779.0;3235790.0
21/10/20;5;2213588.0;1727550.0;3636811.0
21/10/20;6;2290049.0;1783539.0;3950861.0
21/10/20;7;2505256.0;1948393.0;3993801.0
21/10/20;8;2907276.0;2291414.0;3998696.0
21/10/20;9;3533302.0;2990854.0;3925137.0
21/10/20;10;3781639.0;3154463.0;3894633.0
21/10/20;11;3844420.0;3198003.0;3996636.0
21/10/20;12;3902694.0;3254830.0;4124867.0
21/10/20;13;3781158.0;3161021.0;4375586.0
21/10/20;14;3667993.0;3037562.0;4660517.0
21/10/20;15;3740062.0;3063516.0;4989533.0
21/10/20;16;3789146.0;3080619.0;5124170.0
21/10/20;17;3921784.0;3211967.0;5016975.0
21/10/20;18;4090861.0;3443439.0;4729552.0
21/10/20;19;4366078.0;3975556.0;4200280.0
21/10/20;20;4495123.0;4248956.0;3648679.0
21/10/20;21;4613645.0;4320156.0;3229700.0
21/10/20;22;4203915.0;3947881.0;2894685.0
21/10/20;23;3705077.0;3340054.0;2715768.0
21/10/20;24;3186492.0;2780204.0;2591666.0
22/10/20;1;2732397.0;2229102.0;2574569.0
22/10/20;2;2448254.0;1906078.0;2608116.0
22/10/20;3;2304612.0;1747135.0;2849652.0
22/10/20;4;2238227.0;1711217.0;3287971.0
22/10/20;5;2223388.0;1747180.0;3662642.0
22/10/20;6;2297707.0;1834968.0;3994112.0
22/10/20;7;2512274.0;2025573.0;3948125.0
22/10/20;8;2915287.0;2387953.0;3881821.0
22/10/20;9;3543960.0;3100339.0;3779373.0
22/10/20;10;3796516.0;3270786.0;3746745.0
22/10/20;11;3864901.0;3315663.0;3871948.0
22/10/20;12;3929885.0;3369206.0;4110875.0
22/10/20;13;3815806.0;3268595.0;4353694.0
22/10/20;14;3710433.0;3136095.0;4664967.0
22/10/20;15;3790183.0;3152147.0;4937538.0
22/10/20;16;3846393.0;3159898.0;5111133.0
22/10/20;17;3985180.0;3283813.0;5026721.0
22/10/20;18;4159061.0;3511025.0;4680472.0
22/10/20;19;4437447.0;4043119.0;4138466.0
22/10/20;20;4567832.0;4321552.0;3625734.0
22/10/20;21;4685790.0;4403362.0;3251344.0
22/10/20;22;4273634.0;4047454.0;2900172.0
22/10/20;23;3770674.0;3461578.0;2722965.0
22/10/20;24;3246552.0;2928719.0;2635219.0
23/10/20;1;2785891.0;2408754.0;2599314.0
23/10/20;2;2494615.0;2119792.0;2647349.0
23/10/20;3;2343793.0;1996338.0;2845732.0
23/10/20;4;2270721.0;1995615.0;3282351.0
23/10/20;5;2250216.0;2064609.0;3723377.0
23/10/20;6;2320372.0;2181329.0;4028650.0
23/10/20;7;2532679.0;2394848.0;3992612.0
23/10/20;8;2935621.0;2772311.0;3992839.0
23/10/20;9;3566563.0;3490333.0;3887385.0
23/10/20;10;3823716.0;3655620.0;3839071.0
23/10/20;11;3898848.0;3683539.0;3895293.0
23/10/20;12;3972376.0;3707727.0;4209719.0
23/10/20;13;3868125.0;3565207.0;4456121.0
23/10/20;14;3773200.0;3378555.0;4731968.0
23/10/20;15;3863233.0;3328998.0;4941878.0
23/10/20;16;3928687.0;3260925.0;5069084.0
23/10/20;17;4074761.0;3300473.0;4992727.0
23/10/20;18;4253053.0;3436815.0;4694160.0
23/10/20;19;4532099.0;3873884.0;4172494.0
23/10/20;20;4658621.0;4055708.0;3668198.0
23/10/20;21;4767556.0;4042026.0;3235849.0
23/10/20;22;4340770.0;3594476.0;2903659.0
23/10/20;23;3817339.0;2923471.0;2706231.0
23/10/20;24;3266920.0;2314493.0;2603042.0
24/10/20;1;2774406.0;1729652.0;2571293.0
24/10/20;2;2446256.0;1388945.0;2688933.0
24/10/20;3;2254319.0;1228347.0;2872981.0
24/10/20;4;2136904.0;1206076.0;3348529.0
24/10/20;5;2070035.0;1269609.0;3757659.0
24/10/20;6;2093161.0;1396916.0;4037723.0
24/10/20;7;2259222.0;1636509.0;4151727.0
24/10/20;8;2618186.0;2054474.0;4003464.0
24/10/20;9;3208872.0;2825909.0;3995411.0
24/10/20;10;3430853.0;3055608.0;3974782.0
24/10/20;11;3477095.0;3156702.0;3988529.0
24/10/20;12;3528998.0;3260354.0;4154195.0
24/10/20;13;3411102.0;3200974.0;4376322.0
24/10/20;14;3310921.0;3098475.0;4723508.0
24/10/20;15;3404163.0;3131477.0;4972322.0
24/10/20;16;3481022.0;3141909.0;5060046.0
24/10/20;17;3646084.0;3253676.0;4912161.0
24/10/20;18;3850013.0;3454031.0;4549462.0
24/10/20;19;4160124.0;3945357.0;4079761.0
24/10/20;20;4321674.0;4170543.0;3521779.0
24/10/20;21;4467961.0;4188636.0;3041039.0
24/10/20;22;4079097.0;3761035.0;2718114.0
24/10/20;23;3592376.0;3098359.0;2542268.0
24/10/20;24;3075719.0;2486717.0;2395188.0
25/10/20;1;2612412.0;1889225.0;2441000.0
25/10/20;2;2307511.0;1527214.0;2464968.0
25/10/20;3;2131736.0;1338253.0;2777883.0
25/10/20;4;2022596.0;1282344.0;3177409.0
25/10/20;5;1955694.0;1308856.0;3567785.0
25/10/20;6;1970457.0;1397685.0;3912971.0
25/10/20;7;2120225.0;1599227.0;3923153.0
25/10/20;8;2455770.0;1981335.0;3835781.0
25/10/20;9;3017101.0;2720697.0;3739170.0
25/10/20;10;3205320.0;2923464.0;3697071.0
25/10/20;11;3215206.0;3003853.0;3762751.0
25/10/20;12;3230183.0;3093811.0;3973075.0
25/10/20;13;3076939.0;3028218.0;4109619.0
25/10/20;14;2945179.0;2927141.0;4372478.0
25/10/20;15;3012742.0;2969049.0;4607682.0
25/10/20;16;3071809.0;2995442.0;4698450.0
25/10/20;17;3228715.0;3129548.0;4539547.0
25/10/20;18;3435560.0;3357740.0;4163003.0
25/10/20;19;3760712.0;3881364.0;3655496.0
25/10/20;20;3950048.0;4142165.0;3120406.0
25/10/20;21;4137016.0;4197992.0;2616158.0
25/10/20;22;3801392.0;3809045.0;2324484.0
25/10/20;23;3379657.0;3184785.0;2116872.0
25/10/20;24;2938459.0;2610247.0;2038188.0
26/10/20;1;2559395.0;2047594.0;2074817.0
26/10/20;2;2345477.0;1717351.0;2227045.0
26/10/20;3;2265102.0;1556444.0;2495889.0
26/10/20;4;2253258.0;1524406.0;3013471.0
26/10/20;5;2282922.0;1570318.0;3432661.0
26/10/20;6;2390894.0;1673952.0;3717350.0
26/10/20;7;2627976.0;1885743.0;3770732.0
26/10/20;8;3042591.0;2273721.0;3711726.0
26/10/20;9;3672665.0;3014867.0;3710720.0
26/10/20;10;3917566.0;3215721.0;3681269.0
26/10/20;11;3970742.0;3290957.0;3760903.0
26/10/20;12;4014731.0;3373024.0;3863822.0
26/10/20;13;3875815.0;3297322.0;4101572.0
26/10/20;14;3743762.0;3184442.0;4322989.0
26/10/20;15;3796946.0;3213357.0;4575466.0
26/10/20;16;3828515.0;3226042.0;4683764.0
26/10/20;17;3946161.0;3346165.0;4545216.0
26/10/20;18;4103663.0;3560493.0;4238043.0
26/10/20;19;4371327.0;4070722.0;3702456.0
26/10/20;20;4497137.0;4318907.0;3133875.0
26/10/20;21;4616739.0;4363163.0;2625588.0
26/10/20;22;4212110.0;3963925.0;2307229.0
26/10/20;23;3721853.0;3330857.0;2130386.0
26/10/20;24;3214583.0;2749174.0;2002121.0
27/10/20;1;2773645.0;2181197.0;2430474.0
27/10/20;2;2503522.0;1847585.0;2531014.0
27/10/20;3;2373761.0;1685379.0;2871976.0
27/10/20;4;2320163.0;1654200.0;3331161.0
27/10/20;5;2316164.0;1703182.0;3710480.0
27/10/20;6;2398672.0;1812114.0;3823234.0
27/10/20;7;2618272.0;2031392.0;3889313.0
27/10/20;8;3022872.0;2428949.0;3897618.0
27/10/20;9;3649634.0;3181598.0;3883041.0
27/10/20;10;3896959.0;3395628.0;3888777.0
27/10/20;11;3957188.0;3485376.0;4009798.0
27/10/20;12;4011672.0;3582864.0;4239195.0
27/10/20;13;3885483.0;3522975.0;4572537.0
27/10/20;14;3767219.0;3425698.0;4861985.0
27/10/20;15;3834172.0;3469333.0;5137547.0
27/10/20;16;3878538.0;3495125.0;5268621.0
27/10/20;17;4007232.0;3625976.0;4993134.0
27/10/20;18;4173444.0;3847878.0;4622466.0
27/10/20;19;4447097.0;4361773.0;4030833.0
27/10/20;20;4576002.0;4609018.0;3513908.0
27/10/20;21;4695825.0;4647117.0;3066457.0
27/10/20;22;4288750.0;4236009.0;2814075.0
27/10/20;23;3793732.0;3585022.0;2625225.0
27/10/20;24;3279861.0;2979210.0;2515312.0
28/10/20;1;2831036.0;2380932.0;2555061.0
28/10/20;2;2552336.0;2011107.0;2677778.0
28/10/20;3;2413908.0;1807251.0;3024154.0
28/10/20;4;2352115.0;1729688.0;3439710.0
28/10/20;5;2340887.0;1728459.0;3795924.0
28/10/20;6;2417535.0;1784448.0;4018155.0
28/10/20;7;2632928.0;1949302.0;3987004.0
28/10/20;8;3035134.0;2292323.0;3964743.0
28/10/20;9;3661345.0;2991763.0;3894554.0
28/10/20;10;3909866.0;3155372.0;3892858.0
28/10/20;11;3972832.0;3198912.0;4036270.0
28/10/20;12;4031289.0;3255740.0;4195543.0
28/10/20;13;3909936.0;3161930.0;4490773.0
28/10/20;14;3796954.0;3038471.0;4784326.0
28/10/20;15;3869205.0;3064426.0;5101472.0
28/10/20;16;3918470.0;3081528.0;5150239.0
28/10/20;17;4051289.0;3212876.0;4931454.0
28/10/20;18;4220547.0;3444348.0;4545695.0
28/10/20;19;4495944.0;3976465.0;3972740.0
28/10/20;20;4625167.0;4249865.0;3437971.0
28/10/20;21;4743868.0;4321066.0;3067309.0
28/10/20;22;4334317.0;3948790.0;2784606.0
28/10/20;23;3835656.0;3340964.0;2650284.0
28/10/20;24;3317248.0;2781114.0;2550990.0
29/10/20;1;2863329.0;2230011.0;2579766.0
29/10/20;2;2579362.0;1906987.0;2688923.0
29/10/20;3;2435896.0;1748044.0;3007527.0
29/10/20;4;2369686.0;1712126.0;3478560.0
29/10/20;5;2355021.0;1748089.0;3812134.0
29/10/20;6;2429514.0;1835877.0;4055215.0
29/10/20;7;2644254.0;2026483.0;3942497.0
29/10/20;8;3047439.0;2388862.0;3858540.0
29/10/20;9;3676285.0;3101249.0;3770823.0
29/10/20;10;3929012.0;3271696.0;3771109.0
29/10/20;11;3997569.0;3316573.0;3930174.0
29/10/20;12;4062722.0;3370115.0;4211431.0
29/10/20;13;3948813.0;3269504.0;4483767.0
29/10/20;14;3843610.0;3137004.0;4807752.0
29/10/20;15;3923529.0;3153056.0;5051639.0
29/10/20;16;3979907.0;3160807.0;5142071.0
29/10/20;17;4118862.0;3284723.0;4949238.0
29/10/20;18;4292909.0;3511934.0;4499908.0
29/10/20;19;4571461.0;4044028.0;3915461.0
29/10/20;20;4702013.0;4322461.0;3421747.0
29/10/20;21;4820136.0;4404271.0;3094697.0
29/10/20;22;4408145.0;4048363.0;2797905.0
29/10/20;23;3905349.0;3462488.0;2671523.0
29/10/20;24;3381391.0;2929629.0;2606065.0
30/10/20;1;2920892.0;2409663.0;2618146.0
30/10/20;2;2629779.0;2120701.0;2747111.0
30/10/20;3;2479119.0;1997247.0;3024815.0
30/10/20;4;2406208.0;1996524.0;3492178.0
30/10/20;5;2385864.0;2065519.0;3892719.0
30/10/20;6;2456180.0;2182239.0;4108556.0
30/10/20;7;2668647.0;2395757.0;4003555.0
30/10/20;8;3071748.0;2773221.0;3987878.0
30/10/20;9;3702847.0;3491242.0;3898186.0
30/10/20;10;3960158.0;3656529.0;3877727.0
30/10/20;11;4035447.0;3684448.0;3973550.0
30/10/20;12;4109132.0;3708636.0;4312052.0
30/10/20;13;4005037.0;3566116.0;4594622.0
30/10/20;14;3910268.0;3379464.0;4885170.0
30/10/20;15;4000455.0;3329907.0;5059587.0
30/10/20;16;4066064.0;3261835.0;5112712.0
30/10/20;17;4212291.0;3301383.0;4916347.0
30/10/20;18;4390736.0;3437724.0;4525916.0
30/10/20;19;4669935.0;3874794.0;3962093.0
30/10/20;20;4796608.0;4056618.0;3471627.0
30/10/20;21;4905695.0;4042935.0;3088974.0
30/10/20;22;4479059.0;3595385.0;2815762.0
30/10/20;23;3955778.0;2924380.0;2665339.0
30/10/20;24;3405508.0;2315402.0;2581363.0
31/10/20;1;2913143.0;1730561.0;2596184.0
31/10/20;2;2585141.0;1389855.0;2789136.0
31/10/20;3;2393351.0;1229256.0;3051949.0
31/10/20;4;2276083.0;1206985.0;3560534.0
31/10/20;5;2209361.0;1270519.0;3934892.0
31/10/20;6;2232632.0;1397825.0;4130534.0
31/10/20;7;2398839.0;1637418.0;4172654.0
31/10/20;8;2757947.0;2055383.0;4004752.0
31/10/20;9;3348777.0;2826819.0;4007626.0
31/10/20;10;3570901.0;3056517.0;4005536.0
31/10/20;11;3617286.0;3157611.0;4058262.0
31/10/20;12;3669331.0;3261263.0;4261361.0
31/10/20;13;3551576.0;3201883.0;4513574.0
31/10/20;14;3451536.0;3099384.0;4873492.0
31/10/20;15;3544918.0;3132387.0;5088900.0
31/10/20;16;3621917.0;3142818.0;5096329.0
31/10/20;17;3787118.0;3254586.0;4839155.0
31/10/20;18;3991185.0;3454941.0;4387083.0
31/10/20;19;4301434.0;3946266.0;3871924.0
31/10/20;20;4463121.0;4171453.0;3329413.0
31/10/20;21;4609545.0;4189546.0;2894596.0
31/10/20;22;4220816.0;3761944.0;2634362.0
31/10/20;23;3734230.0;3099268.0;2504496.0
31/10/20;24;3217708.0;2487626.0;2388093.0